,Amino Acid,Naive,Sorted,Enrichment Ratio
10,M,0.0,0.0010839473700013811,inf
1,C,0.0,0.0011259841101122381,inf
3,E,0.03,0.05036902252568745,1.678967417522915
19,Y,0.14,0.20554164339632838,1.4681545956880597
18,W,0.03,0.039193254904786784,1.3064418301595595
17,V,0.05,0.0630340917962299,1.260681835924598
2,D,0.09,0.11173665783895124,1.2415184204327916
4,F,0.03,0.034992583517994724,1.1664194505998242
0,A,0.06,0.06898829577050342,1.1498049295083903
7,I,0.03,0.031779775523807806,1.0593258507935936
12,P,0.04,0.04167041994703371,1.0417604986758426
13,Q,0.02,0.01971523111199188,0.985761555599594
16,T,0.07,0.06786831690897845,0.9695473844139777
9,L,0.05,0.04210580046961044,0.8421160093922088
5,G,0.12,0.09370289633139364,0.7808574694282804
6,H,0.02,0.012887263468271268,0.6443631734135634
11,N,0.04,0.02517099945352238,0.6292749863380594
15,S,0.1,0.06082716294040992,0.6082716294040992
14,R,0.06,0.02527609130379952,0.4212681883966587
8,K,0.02,0.002930561310585452,0.14652806552927258
