,Amino Acid,Frequency
1,Y,0.1900527405033714
4,D,0.11378596702049536
6,G,0.09152813939515321
7,S,0.08608051271780492
2,T,0.07172708458508578
3,V,0.06917684758662127
10,A,0.06794846117898391
11,L,0.0638627411709727
0,E,0.053421456706055144
5,F,0.05033713866079177
9,W,0.03993591027438414
8,N,0.03036250751051472
12,P,0.02654382802590293
14,I,0.013485546431671006
13,Q,0.011402630349155484
16,R,0.009773683156418987
15,H,0.007677415047733493
17,K,0.002830629548033914
18,C,5.340810467988517e-05
19,M,1.3352026169971292e-05
