,Amino Acid,Frequency
0,Y,0.1753867151956324
3,D,0.13455414012738853
7,G,0.11309997725204732
5,P,0.09783041401273886
4,W,0.06363739763421292
8,T,0.062059258416742494
9,V,0.05742436305732484
2,I,0.05741014558689718
12,S,0.04777070063694268
6,R,0.0438466787989081
10,A,0.03848669244767971
1,E,0.03629720200181984
11,H,0.02098498635122839
13,L,0.01899454049135578
14,N,0.01271041856232939
15,F,0.00855891719745223
16,Q,0.007236692447679709
17,K,0.003639672429481347
18,C,4.2652411282984535e-05
19,M,2.8434940855323022e-05
